metric,baseline,finetuned,delta,pct_change
map,0.155962,0.206437,0.050475,32.36
recip_rank,0.725391,0.578999,-0.146392,-20.18
ndcg_cut_10,0.372373,0.290177,-0.082197,-22.07
ndcg_cut_100,0.379360,0.354714,-0.024646,-6.50
P_1,0.629501,0.432133,-0.197368,-31.35
P_5,0.289474,0.325623,0.036150,12.49
P_10,0.197299,0.247091,0.049792,25.24
recall_100,0.323069,0.461892,0.138823,42.97
recall_1000,0.517229,0.665519,0.148290,28.67
